city,state,latitude,longitude,reverse_address
new york,new york,40.7127753,-74.0059728,"11 Centre St, New York, NY 10007, USA"
los angeles,california,34.0522342,-118.2436849,"106 W 1st St, Los Angeles, CA 90012, USA"
chicago,illinois,41.8781136,-87.6297982,"55 W Jackson Blvd, Chicago, IL 60604, USA"
houston,texas,29.7604267,-95.3698028,"998 Bagby St, Houston, TX 77002, USA"
phoenix,arizona,33.4483771,-112.0740373,"22 W Washington St, Phoenix, AZ 85004, USA"
philadelphia,pennsylvania,39.9525839,-75.1652215,"1500 PA-3, Philadelphia, PA 19102, USA"
san antonio,texas,29.4241219,-98.49362819999999,"cm morales annex bldg.old national hi-way Binan Laguna, San Antonio, TX 78205, United States"
san diego,california,32.715738,-117.1610838,"998 Fourth Ave, San Diego, CA 92101, USA"
dallas,texas,32.7766642,-96.79698789999999,"1502 Marilla St, Dallas, TX 75201, USA"
san jose,california,37.3382082,-121.8863286,"195 E Santa Clara St, San Jose, CA 95112, USA"
austin,texas,30.267153,-97.7430608,"472 Congress Ave, Austin, TX 78701, USA"
jacksonville,florida,30.3321838,-81.65565099999999,"720n N Ocean St, Jacksonville, FL 32202, USA"
san francisco,california,37.7749295,-122.4194155,"Unnamed Road, San Francisco, CA 94102, USA"
columbus,ohio,39.9611755,-82.99879419999999,"Ohio State Capitol, 1 Capitol Square, Columbus, OH 43215, USA"
fort worth,texas,32.7554883,-97.3307658,"401 Commerce St, Fort Worth, TX 76102, USA"
indianapolis city (balance),indiana,39.768403,-86.158068,"Intl Airport - Zone 1 Ground Transportation Center, Indianapolis, IN 46204, USA"
charlotte,north carolina,35.2270869,-80.8431267,"106 S Tryon St, Charlotte, NC 28280, USA"
seattle,washington,47.6062095,-122.3320708,"Fourth and Madison Building, 909 5th Ave, Seattle, WA 98164, USA"
denver,colorado,39.7392358,-104.990251,"1437 Bannock St, Denver, CO 80202, USA"
washington,district of columbia,38.9071923,-77.0368707,"1301 Bataan St NW, Washington, DC 20036, USA"
boston,massachusetts,42.3600825,-71.0588801,"1 Cambridge St, Boston, MA 02114, USA"
el paso,texas,31.7618778,-106.4850217,"300 N Campbell St, El Paso, TX 79901, USA"
detroit,michigan,42.331427,-83.0457538,"First National Building, 660 Woodward Ave, Detroit, MI 48226, USA"
nashville-davidson metropolitan government (balance),tennessee,36.1626638,-86.7816016,"201 6th Ave N, Nashville, TN 37219, USA"
memphis,tennessee,35.1495343,-90.0489801,"157 Poplar Ave, Memphis, TN 38103, USA"
portland,oregon,45.5154586,-122.6793461,"SW 5th & Madison, SW 5th Ave, Portland, OR 97204, USA"
oklahoma city,oklahoma,35.4675602,-97.5164276,"89 N Robinson Ave, Oklahoma City, OK 73102, USA"
las vegas,nevada,36.1699412,-115.1398296,"160 Las Vegas Blvd N, Las Vegas, NV 89101, USA"
louisville/jefferson county metro government (balance),kentucky,38.2526647,-85.7584557,"409 S 5th St, Louisville, KY 40202, USA"
baltimore,maryland,39.2903848,-76.6121893,"201 E Fayette St, Baltimore, MD 21202, USA"
milwaukee,wisconsin,43.0389025,-87.9064736,"400 E Wisconsin Ave, Milwaukee, WI 53202, USA"
albuquerque,new mexico,35.0843859,-106.650422,"301 Central Ave NW, Albuquerque, NM 87102, USA"
tucson,arizona,32.2226066,-110.9747108,"255 W Alameda St, Tucson, AZ 85701, USA"
fresno,california,36.7377981,-119.7871247,"2323 Mariposa St, Fresno, CA 93721, USA"
sacramento,california,38.5815719,-121.4943996,"907 9th St, Sacramento, CA 95814, USA"
mesa,arizona,33.4151843,-111.8314724,"4 E Main St, Mesa, AZ 85201, USA"
kansas city,missouri,39.0997265,-94.5785667,"1200 Oak St, Kansas City, MO 64106, USA"
atlanta,georgia,33.7489954,-84.3879824,"Georgia State Capitol, Atlanta, GA 30334, USA"
long beach,california,33.7700504,-118.1937395,"249299 Pacific Avenue, Long Beach, CA 90802, USA"
omaha,nebraska,41.2565369,-95.9345034,"14th & Harney SE, Omaha, NE 68102, USA"
raleigh,north carolina,35.7795897,-78.6381787,"81 S Wilmington St, Raleigh, NC 27603, USA"
colorado springs,colorado,38.8338816,-104.8213634,"200 E Pikes Peak Ave, Colorado Springs, CO 80903, USA"
miami,florida,25.7616798,-80.1917902,"1213 Brickell Ave, Miami, FL 33131, USA"
virginia beach,virginia,36.8529263,-75.97798499999999,"2412 Pacific Ave, Virginia Beach, VA 23451, USA"
oakland,california,37.8043637,-122.2711137,"1395 Broadway, Oakland, CA 94612, USA"
minneapolis,minnesota,44.977753,-93.2650108,"Municipal Building, 350 S 5th St, Minneapolis, MN 55415, USA"
tulsa,oklahoma,36.1539816,-95.99277500000001,"199 South Boulder Ave W, Tulsa, OK 74103, USA"
arlington,texas,32.735687,-97.10806559999999,"101 S Center St, Arlington, TX 76010, USA"
new orleans,louisiana,29.95106579999999,-90.0715323,"339 Carondelet St, New Orleans, LA 70130, USA"
wichita,kansas,37.68717609999999,-97.33005299999999,"128 N Santa Fe St, Wichita, KS 67202, USA"
cleveland,ohio,41.49932,-81.6943605,"2 W Roadway, Cleveland, OH 44113, USA"
tampa,florida,27.950575,-82.4571776,"509 E Zack St, Tampa, FL 33602, USA"
bakersfield,california,35.3732921,-119.0187125,"1401-1499 Truxtun Ave, Bakersfield, CA 93301, USA"
aurora,colorado,39.7294319,-104.8319195,"899 Vaughn St, Aurora, CO 80011, USA"
anaheim,california,33.8365932,-117.9143012,"255 Anaheim Blvd, Anaheim, CA 92805, USA"
urban honolulu cdp,hawaii,21.3069444,-157.8583333,"364 S King St, Honolulu, HI 96813, USA"
santa ana,california,33.7454725,-117.867653,"1st-Main, Santa Ana, CA 92701, USA"
riverside,california,33.9806005,-117.3754942,"3900 Main St, Riverside, CA 92501, USA"
corpus christi,texas,27.8005828,-97.39638099999999,"I-37, Corpus Christi, TX 78401, USA"
lexington-fayette urban county,kentucky,38.0405837,-84.5037164,"404 S Limestone, Lexington, KY 40508, USA"
stockton,california,37.9577016,-121.2907796,"510 N El Dorado St, Stockton, CA 95202, USA"
st. louis,missouri,38.6270025,-90.19940419999999,"City Hall, 1200 Market St, St. Louis, MO 63103, USA"
st. paul,minnesota,44.9537029,-93.0899578,"594 Wacouta St, St Paul, MN 55101, USA"
henderson,nevada,36.0395247,-114.9817213,"116 E Lake Mead Pkwy, Henderson, NV 89015, USA"
pittsburgh,pennsylvania,40.44062479999999,-79.9958864,"572-598 Grant St, Pittsburgh, PA 15219, USA"
cincinnati,ohio,39.1031182,-84.5120196,"609 Walnut St, Cincinnati, OH 45202, USA"
anchorage municipality,alaska,61.2180556,-149.9002778,"939 W 5th Ave, Anchorage, AK 99501, USA"
greensboro,north carolina,36.0726354,-79.7919754,"216 W Market St, Greensboro, NC 27401, USA"
plano,texas,33.0198431,-96.6988856,"1508 K Ave, Plano, TX 75074, USA"
newark,new jersey,40.735657,-74.1723667,"Broad St at Market St, Newark, NJ 07102, USA"
lincoln,nebraska,40.813616,-96.7025955,"1273 P St, Lincoln, NE 68508, USA"
orlando,florida,28.5383355,-81.3792365,"2 W South St, Orlando, FL 32801, USA"
irvine,california,33.6845673,-117.8265049,"Harvard-Alton, Irvine, CA, USA"
toledo,ohio,41.6528052,-83.5378674,"244 N Erie St, Toledo, OH 43604, USA"
jersey city,new jersey,40.7177545,-74.0431435,"280 Grove St, Jersey City, NJ 07302, USA"
chula vista,california,32.6400541,-117.0841955,"302 4th Ave, Chula Vista, CA 91910, USA"
durham,north carolina,35.9940329,-78.898619,"201 E Main St, Durham, NC 27701, USA"
fort wayne,indiana,41.079273,-85.1393513,"803 S Calhoun St, Fort Wayne, IN 46802, USA"
st. petersburg,florida,27.7676008,-82.64029149999999,"341 5th St S, St. Petersburg, FL 33701, USA"
laredo,texas,27.5035613,-99.5075519,"319 Convent Ave, Laredo, TX 78040, USA"
buffalo,new york,42.88644679999999,-78.8783689,"5 Niagara Square, Buffalo, NY 14202, USA"
madison,wisconsin,43.0730517,-89.4012302,"Grainger Hall of Business Administration, Madison, WI 53715, USA"
lubbock,texas,33.5778631,-101.8551665,"Ave. Q & 19th, Lubbock, TX 79411, USA"
chandler,arizona,33.3061605,-111.8412502,"7 E Chandler Blvd, Chandler, AZ 85225, USA"
scottsdale,arizona,33.4941704,-111.9260519,"4017 N Scottsdale Rd, Scottsdale, AZ 85251, USA"
reno,nevada,39.5296329,-119.8138027,"354 N Virginia St, Reno, NV 89501, USA"
glendale,arizona,33.5386523,-112.1859866,"5900 W Glendale Ave, Glendale, AZ 85301, USA"
norfolk,virginia,36.8507689,-76.28587259999999,"457 St Pauls Blvd, Norfolk, VA 23510, USA"
winston-salem,north carolina,36.09985959999999,-80.244216,"100 5th St E, Winston-Salem, NC 27101, USA"
north las vegas,nevada,36.1988592,-115.1175013,"2200 Civic Center Dr, North Las Vegas, NV 89030, USA"
gilbert town,arizona,33.3528264,-111.789027,"133 N Gilbert Rd, Gilbert, AZ 85234, USA"
chesapeake,virginia,36.7682088,-76.2874927,"Pvt 7 Rd, Chesapeake, VA 23320, USA"
irving,texas,32.8140177,-96.9488945,"301 W Irving Blvd, Irving, TX 75060, USA"
hialeah,florida,25.8575963,-80.2781057,"228 E 39th St, Hialeah, FL 33013, USA"
garland,texas,32.912624,-96.63888329999999,"620-698 Main St, Garland, TX 75040, USA"
fremont,california,37.5482697,-121.9885719,"4025 Mowry Ave, Fremont, CA 94538, USA"
richmond,virginia,37.5407246,-77.4360481,"703 E Grace St, Richmond, VA 23219, USA"
boise city,idaho,43.6150186,-116.2023137,"625 W Main St, Boise, ID 83702, USA"
baton rouge,louisiana,30.4514677,-91.18714659999999,"401 Main St, Baton Rouge, LA 70802, USA"
des moines,iowa,41.5868353,-93.6249593,"Equitable Building, 604 Locust St, Des Moines, IA 50309, USA"
spokane,washington,47.6587802,-117.4260465,"920 W Riverside Ave, Spokane, WA 99201, USA"
san bernardino,california,34.1083449,-117.2897652,"300-312 W 5th St, San Bernardino, CA 92401, USA"
modesto,california,37.63909719999999,-120.9968782,"781 11th St, Modesto, CA 95354, USA"
tacoma,washington,47.2528768,-122.4442906,"591 S 11th St, Tacoma, WA 98405, USA"
fontana,california,34.0922335,-117.435048,"16932 Merrill Ave, Fontana, CA 92335, USA"
santa clarita,california,34.3916641,-118.542586,"25128 Newhall Ave, Santa Clarita, CA 91321, USA"
birmingham,alabama,33.5185892,-86.8103567,"595 19th St N, Birmingham, AL 35203, USA"
oxnard,california,34.1975048,-119.1770516,"108 E 5th St, Oxnard, CA 93030, USA"
fayetteville,north carolina,35.0526641,-78.87835849999999,"2 Market Square, Fayetteville, NC 28301, USA"
rochester,new york,43.15657789999999,-77.6088465,"126 St Paul St, Rochester, NY 14604, USA"
moreno valley,california,33.9424658,-117.2296717,"24805 Hemlock Ave, Moreno Valley, CA 92557, USA"
glendale,california,34.1425078,-118.255075,"100 E Colorado St, Glendale, CA 91204, USA"
yonkers,new york,40.9312099,-73.89874689999999,"75 S Broadway, Yonkers, NY 10701, USA"
huntington beach,california,33.6594835,-117.9988026,"310 Orange Ave, Huntington Beach, CA 92648, USA"
aurora,illinois,41.7605849,-88.32007150000001,"299 W Galena Blvd, Aurora, IL 60506, USA"
salt lake city,utah,40.7607793,-111.8910474,"395 Main St, Salt Lake City, UT 84111, USA"
amarillo,texas,35.2219971,-101.8312969,"800 N Fillmore St, Amarillo, TX 79107, USA"
montgomery,alabama,32.3792233,-86.3077368,"103 N Perry St, Montgomery, AL 36104, USA"
grand rapids,michigan,42.9633599,-85.6680863,"1 Monroe Center St NW, Grand Rapids, MI 49503, USA"
little rock,arkansas,34.7464809,-92.28959479999999,"112-172 State Capitol, Little Rock, AR 72201, USA"
akron,ohio,41.0814447,-81.51900529999999,"2 W Bowery St, Akron, OH 44308, USA"
augusta-richmond county consolidated government (balance),georgia,33.4709529,-81.9618655,"535 Telfair St, Augusta, GA 30901, USA"
huntsville,alabama,34.7303688,-86.5861037,"101-199 Spring St SW, Huntsville, AL 35801, USA"
columbus,georgia,32.4609764,-84.9877094,"801-803 Veterans Pkwy, Columbus, GA 31901, USA"
grand prairie,texas,32.7459645,-96.99778459999999,"500 E Main St, Grand Prairie, TX 75050, USA"
shreveport,louisiana,32.5251516,-93.7501789,"4450 Hilry Huckaby III Ave, Shreveport, LA 71107, USA"
overland park,kansas,38.9822282,-94.6707917,"7319 W 81st St, Overland Park, KS 66204, USA"
tallahassee,florida,30.4382559,-84.28073289999999,"198-100, FL-20, Tallahassee, FL 32301, United States"
mobile,alabama,30.6953657,-88.0398912,"1 St Louis St, Mobile, AL 36602, USA"
port st. lucie,florida,27.2730492,-80.3582261,"3961 SW Port St Lucie Blvd, Port St. Lucie, FL 34953, USA"
knoxville,tennessee,35.9606384,-83.9207392,"800 Lee Hwy, Knoxville, TN 37902, USA"
worcester,massachusetts,42.2625932,-71.8022934,"Worcester City Hall, 455 Main St, Worcester, MA 01608, USA"
tempe,arizona,33.4255104,-111.9400054,"501 S Mill Ave, Tempe, AZ 85281, USA"
cape coral,florida,26.5628537,-81.9495331,"1207 Cape Coral Pkwy E, Cape Coral, FL 33904, USA"
brownsville,texas,25.9017472,-97.4974838,"1157-1199 E Washington St, Brownsville, TX 78520, USA"
mckinney,texas,33.1972465,-96.6397822,"524 S Central Expy, McKinney, TX 75070, USA"
providence,rhode island,41.8239891,-71.4128343,"25 Dorrance St, Providence, RI 02903, USA"
fort lauderdale,florida,26.1224386,-80.13731740000001,"599 E Broward Blvd, Fort Lauderdale, FL 33301, USA"
newport news,virginia,37.0870821,-76.4730122,"725 Town Center Dr, Newport News, VA 23606, USA"
chattanooga,tennessee,35.0456297,-85.3096801,"10 W M.L.K. Blvd, Chattanooga, TN 37402, USA"
rancho cucamonga,california,34.10639889999999,-117.5931084,"9719 E Foothill Blvd, Rancho Cucamonga, CA 91730, USA"
frisco,texas,33.1506744,-96.82361159999999,"7026 Main St, Frisco, TX 75033, USA"
sioux falls,south dakota,43.5473028,-96.728333,"101 S Main Ave, Sioux Falls, SD 57104, USA"
oceanside,california,33.1958696,-117.3794834,"500 Mission Ave, Oceanside, CA 92054, USA"
ontario,california,34.0633443,-117.6508876,"100 N Euclid Ave, Ontario, CA 91762, USA"
vancouver,washington,45.6272259,-122.6727305,"801 Washington St, Vancouver, WA 98660, USA"
santa rosa,california,38.440429,-122.7140548,"570 4th St, Santa Rosa, CA 95401, USA"
garden grove,california,33.7742692,-117.9379952,"12999 S Euclid St, Garden Grove, CA 92843, USA"
elk grove,california,38.4087993,-121.3716178,"8896 Elk Grove Blvd, Elk Grove, CA 95624, USA"
pembroke pines,florida,26.007765,-80.2962555,"11230 Pines Blvd, Pembroke Pines, FL 33026, USA"
salem,oregon,44.9428975,-123.0350963,"400 High St NE, Salem, OR 97301, USA"
eugene,oregon,44.0520691,-123.0867536,"405 E 8th Ave, Eugene, OR 97401, USA"
peoria,arizona,33.5805955,-112.2373779,"83rd Av & Washington St, Peoria, AZ 85345, USA"
corona,california,33.8752935,-117.5664384,"114 E 6th St, Corona, CA 92879, USA"
springfield,missouri,37.2089572,-93.29229889999999,"118122 Park Central Square, Springfield, MO 65806, USA"
jackson,mississippi,32.2987573,-90.1848103,"222-298 E Pearl St, Jackson, MS 39201, USA"
cary town,north carolina,35.79154,-78.7811169,"500 N Academy St, Cary, NC 27513, USA"
fort collins,colorado,40.5852602,-105.084423,"203 S Sherwood St, Fort Collins, CO 80521, USA"
hayward,california,37.6688205,-122.0807964,"22898 CA-185, Hayward, CA 94541, USA"
lancaster,california,34.6867846,-118.1541632,"1304 W Ave J, Lancaster, CA 93534, USA"
alexandria,virginia,38.8048355,-77.0469214,"628 King St, Alexandria, VA 22314, USA"
salinas,california,36.6777372,-121.6555013,"1 Main St, Salinas, CA 93901, USA"
palmdale,california,34.5794343,-118.1164613,"700 Sierra Hwy, Palmdale, CA 93550, USA"
lakewood,colorado,39.7047095,-105.0813734,"670 S Wadsworth Blvd, Lakewood, CO 80226, USA"
springfield,massachusetts,42.1014831,-72.589811,"36 Court St, Springfield, MA 01103, USA"
sunnyvale,california,37.36883,-122.0363496,"390 W El Camino Real, Sunnyvale, CA 94087, USA"
hollywood,florida,26.0112014,-80.1494901,"2100 FL-820, Hollywood, FL 33020, USA"
pasadena,texas,29.6910625,-95.2091006,"1221 Main St, Pasadena, TX 77506, USA"
clarksville,tennessee,36.5297706,-87.3594528,"299 N 2nd St, Clarksville, TN 37040, USA"
pomona,california,34.055103,-117.7499909,"Garey Ave and Mission S, Pomona, CA 91766, USA"
kansas city,kansas,39.11553139999999,-94.62678729999999,"On Minnesota Ave at 7th Street WB, Kansas City, KS 66101, USA"
macon-bibb county,georgia,32.8406946,-83.6324022,"895 GA-49, Macon, GA 31201, USA"
escondido,california,33.1192068,-117.086421,"970 W Valley Parkway #1006, Escondido, CA 92025, United States"
paterson,new jersey,40.9167654,-74.17181099999999,"5 Colt St, Paterson, NJ 07505, USA"
joliet,illinois,41.525031,-88.0817251,"7 US-6, Joliet, IL 60432, USA"
naperville,illinois,41.7508391,-88.1535352,"1052 Alder Ln, Naperville, IL 60540, USA"
rockford,illinois,42.2711311,-89.0939952,"203 W State St, Rockford, IL 61101, USA"
torrance,california,33.8358492,-118.3406288,"3221 Torrance Blvd, Torrance, CA 90503, USA"
bridgeport,connecticut,41.1792258,-73.1894384,"108 Fairfield Ave, Bridgeport, CT 06604, USA"
savannah,georgia,32.0808989,-81.091203,"2 Bull St, Savannah, GA 31401, USA"
killeen,texas,31.1171194,-97.72779589999999,"325 E Veterans Memorial Blvd, Killeen, TX 76541, USA"
bellevue,washington,47.6101497,-122.2015159,"1-5 Bellevue Way SE, Bellevue, WA 98004, USA"
mesquite,texas,32.76679550000001,-96.5991593,"100 S Galloway Ave, Mesquite, TX 75149, USA"
syracuse,new york,43.0481221,-76.14742439999999,"349-399 US-11, Syracuse, NY 13202, USA"
mcallen,texas,26.2034071,-98.23001239999999,"1630 N 10th St, McAllen, TX 78501, USA"
pasadena,california,34.1477849,-118.1445155,"279 E Holly St, Pasadena, CA 91101, USA"
orange,california,33.7879139,-117.8531007,"1 Plaza Square, Orange, CA 92866, USA"
fullerton,california,33.8703645,-117.9242123,"162-100 El Camino Real, Fullerton, CA 92832, USA"
dayton,ohio,39.7589478,-84.1916069,"20 S Main St, Dayton, OH 45402, USA"
miramar,florida,25.9860762,-80.30356019999999,"Miramar Blvd, Miramar, FL 33025, USA"
olathe,kansas,38.8813958,-94.81912849999999,"126 S Cherry St, Olathe, KS 66061, USA"
thornton,colorado,39.8680412,-104.9719243,"9451 Dorothy Blvd, Thornton, CO 80229, USA"
waco,texas,31.549333,-97.1466695,"1724 W Waco Dr, Waco, TX 76701, USA"
murfreesboro,tennessee,35.8456213,-86.39027,"120 E Main St, Murfreesboro, TN 37130, USA"
denton,texas,33.2148412,-97.13306829999999,"110 W Hickory St, Denton, TX 76201, USA"
west valley city,utah,40.6916132,-112.0010501,"3701 Atlas Way, West Valley City, UT 84120, USA"
midland,texas,31.9973456,-102.0779146,"349 S Big Spring St, Midland, TX 79701, USA"
carrollton,texas,32.9756415,-96.8899636,"1754 E Jackson Rd, Carrollton, TX 75006, USA"
roseville,california,38.7521235,-121.2880059,"301-307 Washington Blvd, Roseville, CA 95678, USA"
warren,michigan,42.5144566,-83.01465259999999,"11209 Common Rd, Warren, MI 48093, USA"
charleston,south carolina,32.7764749,-79.93105120000001,"84 Broad St, Charleston, SC 29401, USA"
hampton,virginia,37.0298687,-76.34522179999999,"364-398 N King St, Hampton, VA 23669, USA"
surprise,arizona,33.6292337,-112.3679279,"16000 N Civic Center Plaza, Surprise, AZ 85374, USA"
columbia,south carolina,34.0007104,-81.0348144,"Columbia international airport, Columbia, SC 29201, USA"
coral springs,florida,26.271192,-80.2706044,"10800 W Sample Rd, Coral Springs, FL 33065, USA"
visalia,california,36.3302284,-119.2920585,"22223 Carson Ave, Visalia, CA 93291, USA"
sterling heights,michigan,42.5803122,-83.0302033,"Van Dyke @ 17 Mile Rd, Sterling Heights, MI, USA"
gainesville,florida,29.6516344,-82.32482619999999,"1-39 S Main St, Gainesville, FL 32601, USA"
cedar rapids,iowa,41.9778795,-91.6656232,"310 3rd Ave SE, Cedar Rapids, IA 52401, USA"
new haven,connecticut,41.308274,-72.9278835,"285 College St, New Haven, CT 06510, USA"
stamford,connecticut,41.0534302,-73.5387341,"130 Atlantic St, Stamford, CT 06901, USA"
elizabeth,new jersey,40.6639916,-74.2107006,"1089 E Jersey St, Elizabeth, NJ 07201, USA"
concord,california,37.9779776,-122.0310733,"2349 Willow Pass Rd, Concord, CA 94520, USA"
thousand oaks,california,34.1705609,-118.8375937,"2945 Thousand Oaks Blvd, Thousand Oaks, CA 91362, USA"
kent,washington,47.3809335,-122.2348432,"221 W Gowe St, Kent, WA 98032, USA"
santa clara,california,37.3541079,-121.9552356,"1675 Lincoln St, Santa Clara, CA 95050, USA"
simi valley,california,34.2694474,-118.781482,"864 Pacific Ave, Simi Valley, CA 93065, USA"
lafayette,louisiana,30.2240897,-92.0198427,"200 W Vermilion St, Lafayette, LA 70501, USA"
topeka,kansas,39.0473451,-95.67515759999999,"900 S Kansas Ave, Topeka, KS 66612, USA"
athens-clarke county unified government (balance),georgia,33.9596701,-83.376393,"301 College Ave, Athens, GA 30601, USA"
round rock,texas,30.5082551,-97.678896,"106 S Mays St, Round Rock, TX 78664, USA"
hartford,connecticut,41.7658043,-72.6733723,"P O Box 341193, Hartford, CT 06103, United States"
norman,oklahoma,35.2225668,-97.4394777,"328 E Main St, Norman, OK 73069, USA"
victorville,california,34.5362184,-117.2927641,"15655 7th St, Victorville, CA 92395, USA"
fargo,north dakota,46.8771863,-96.7898034,"631 1st Ave N, Fargo, ND 58102, USA"
berkeley,california,37.8715926,-122.272747,"University Ave. at Martin Luther King Jr. Way, Berkeley, CA 94704, USA"
vallejo,california,38.1040864,-122.2566367,"901 Marin St, Vallejo, CA 94590, USA"
abilene,texas,32.4487364,-99.73314390000002,"100-148 S Pine St, Abilene, TX 79601, USA"
columbia,missouri,38.9517053,-92.3340724,"219 E Broadway, Columbia, MO 65203, USA"
ann arbor,michigan,42.2808256,-83.7430378,"425 E Washington St, Ann Arbor, MI 48104, USA"
allentown,pennsylvania,40.6022939,-75.4714098,"H495010, Allentown, PA, United States"
pearland,texas,29.5635666,-95.2860474,"9707 E Broadway St, Pearland, TX 77584, USA"
beaumont,texas,30.080174,-94.1265562,"88 Jaguar Dr, Beaumont, TX 77702, USA"
wilmington,north carolina,34.2103894,-77.8868117,"4603 Oleander Dr, Wilmington, NC 28403, USA"
evansville,indiana,37.9715592,-87.5710898,"2 SE 4th St, Evansville, IN 47708, USA"
arvada,colorado,39.8027644,-105.0874842,"8101 Ralston Rd, Arvada, CO 80002, USA"
provo,utah,40.2338438,-111.6585337,"3 N University Ave, Provo, UT 84601, USA"
independence,missouri,39.0911161,-94.41550679999999,"113-199 E Kansas Ave, Independence, MO 64050, USA"
lansing,michigan,42.732535,-84.5555347,"303 W Allegan St, Lansing, MI 48933, USA"
odessa,texas,31.8456816,-102.3676431,"20 E Business Loop 20, Odessa, TX 79761, USA"
richardson,texas,32.9483335,-96.7298519,"101 N Greenville Ave, Richardson, TX 75081, USA"
fairfield,california,38.2491956,-122.0405151,"600 Texas St, Fairfield, CA 94533, USA"
el monte,california,34.0686206,-118.0275667,"3400 Peck Rd, El Monte, CA 91731, USA"
rochester,minnesota,44.0121221,-92.4801989,"Rochester Hotels, Rochester, MN 55902, USA"
clearwater,florida,27.9658533,-82.8001026,"432 Cleveland St, Clearwater, FL 33755, USA"
carlsbad,california,33.1580933,-117.3505939,"3016 Carlsbad Blvd, Carlsbad, CA 92008, USA"
springfield,illinois,39.78172130000001,-89.6501481,"1733 S 5th St, Springfield, IL 62703, USA"
temecula,california,33.4936391,-117.1483648,"41990 Main St, Temecula, CA 92590, USA"
west jordan,utah,40.6096698,-111.9391031,"7794 S Redwood Rd, West Jordan, UT 84084, USA"
costa mesa,california,33.6412156,-117.9188221,"1209 Harbor Blvd, Costa Mesa, CA 92627, USA"
miami gardens,florida,25.9420377,-80.2456045,"18400 FL-817, Miami Gardens, FL 33056, USA"
cambridge,massachusetts,42.3736158,-71.10973349999999,"70 Raglan Rd ON, Cambridge, MA 02138, United States"
college station,texas,30.627977,-96.3344068,"501 Texas Ave, College Station, TX 77840, USA"
murrieta,california,33.5539143,-117.2139232,"24792 Washington Ave, Murrieta, CA 92562, USA"
downey,california,33.9401088,-118.1331593,"Firestone / Downey, Downey, CA 90241, USA"
peoria,illinois,40.6936488,-89.5889864,"200 NE Jefferson St, Peoria, IL 61603, USA"
westminster,colorado,39.8366528,-105.0372046,"7700-7730 Newton St, Westminster, CO 80030, USA"
elgin,illinois,42.0354084,-88.2825668,"113 S Grove Ave, Elgin, IL 60120, USA"
antioch,california,38.0049214,-121.805789,"1715 E 18th St, Antioch, CA 94509, USA"
palm bay,florida,28.0344621,-80.5886646,"2790 Palm Bay Rd NE, Palm Bay, FL 32905, USA"
high point,north carolina,35.9556923,-80.0053176,"154 S Main St, High Point, NC 27260, USA"
lowell,massachusetts,42.6334247,-71.31617179999999,"153 Hale St, Lowell, MA 01851, USA"
manchester,new hampshire,42.9956397,-71.4547891,"195 Bridge St, Manchester, NH 03104, USA"
pueblo,colorado,38.2544472,-104.6091409,"CanAm Hwy, Pueblo, CO 81004, USA"
gresham,oregon,45.5098388,-122.4347334,"390 NW Burnside Rd, Gresham, OR 97030, USA"
north charleston,south carolina,32.8771106,-80.0130514,"2500 City Hall Ln, North Charleston, SC 29406, USA"
san buenaventura (ventura),california,34.2804923,-119.2945199,"404 E Main St, Ventura, CA 93001, USA"
inglewood,california,33.9616801,-118.3531311,"202 E Manchester Blvd, Inglewood, CA 90301, USA"
pompano beach,florida,26.2378597,-80.1247667,"621 N Dixie Hwy, Pompano Beach, FL 33060, USA"
centennial,colorado,39.5807452,-104.8771726,"9445 E Dry Creek Rd, Centennial, CO 80112, USA"
west palm beach,florida,26.7153424,-80.0533746,"294 N Dixie Hwy, West Palm Beach, FL 33401, USA"
everett,washington,47.9789848,-122.2020795,"2000 Hewitt Ave, Everett, WA 98201, USA"
richmond,california,37.9357576,-122.3477486,"2235 Macdonald Ave, Richmond, CA 94801, USA"
clovis,california,36.8252277,-119.7029194,"508 4th St, Clovis, CA 93612, USA"
billings,montana,45.7832856,-108.5006904,"2415 Montana Ave, Billings, MT 59101, USA"
waterbury,connecticut,41.5581525,-73.0514965,"594 W Main St, Waterbury, CT 06702, USA"
broken arrow,oklahoma,36.060949,-95.7974526,"919 N Elm Pl, Broken Arrow, OK 74012, USA"
lakeland,florida,28.0394654,-81.9498042,"801 E Walnut St, Lakeland, FL 33801, USA"
west covina,california,34.0686208,-117.9389526,"705 S Sunset Ave, West Covina, CA 91790, USA"
boulder,colorado,40.0149856,-105.2705456,"1515 19th St, Boulder, CO 80302, USA"
daly city,california,37.6879241,-122.4702079,"95 Washington St, Daly City, CA 94014, USA"
santa maria,california,34.9530337,-120.4357191,"2220 S Broadway, Santa Maria, CA 93454, USA"
hillsboro,oregon,45.5200114,-122.9365835,"101 NE Brookwood Pkwy, Hillsboro, OR 97124, USA"
sandy springs,georgia,33.9304352,-84.3733147,"6395 Vernon Woods Dr NE, Atlanta, GA 30328, USA"
norwalk,california,33.9022367,-118.081733,"1182 Rosecrans Ave, Norwalk, CA 90650, USA"
jurupa valley,california,33.9971974,-117.4854802,"3267 Van Buren Boulevard, Riverside, CA 92509, USA"
lewisville,texas,33.046233,-96.994174,"102 W Main St, Lewisville, TX 75057, USA"
greeley,colorado,40.4233142,-104.7091322,"909-919 19th Ave, Greeley, CO 80631, USA"
davie town,florida,26.0764783,-80.25211569999999,"University D/SW 36 S, Davie, FL 33328, USA"
green bay,wisconsin,44.5133188,-88.0132958,"414 E Walnut St, Green Bay, WI 54301, USA"
tyler,texas,32.3512601,-95.30106239999999,"100 W Ferguson St, Tyler, TX 75702, USA"
league city,texas,29.5074538,-95.0949303,"111 FM518, League City, TX 77573, USA"
burbank,california,34.1808392,-118.3089661,"Burbank airport, Burbank, CA 91502, USA"
san mateo,california,37.5629917,-122.3255254,"2 E 3rd Ave, San Mateo, CA 94401, USA"
wichita falls,texas,33.9137085,-98.4933873,"Camp Graham bell, 601 Scott Ave, Wichita Falls, TX 76301, USA"
el cajon,california,32.7947731,-116.9625269,"124 S Magnolia Ave, El Cajon, CA 92020, USA"
rialto,california,34.1064001,-117.3703235,"Riverside @ Foothill Sb Fs, Rialto, CA 92376, USA"
davenport,iowa,41.5236437,-90.5776367,"416 N Harrison St, Davenport, IA 52801, USA"
south bend,indiana,41.6763545,-86.25198979999999,"Southbend airport, South Bend, IN 46601, USA"
las cruces,new mexico,32.3199396,-106.7636538,"1338 Lynx Trail, Las Cruces, NM 88001, USA"
vista,california,33.2000368,-117.2425355,"223 S Santa Fe Ave, Vista, CA 92083, USA"
renton,washington,47.4796927,-122.2079218,"300 Burnett Ave S, Renton, WA 98055, USA"
sparks,nevada,39.5349112,-119.7526886,"250 Pyramid Way, Sparks, NV 89431, USA"
allen,texas,33.1031744,-96.67055030000002,"112 W Main St, Allen, TX 75013, USA"
tuscaloosa,alabama,33.2098407,-87.56917349999999,"2436 University Blvd, Tuscaloosa, AL 35401, USA"
san angelo,texas,31.4637723,-100.4370375,"2 S Chadbourne St, San Angelo, TX 76903, USA"
vacaville,california,38.3565773,-121.9877444,"300-328 Elizabeth St, Vacaville, CA 95688, USA"
meridian,idaho,43.6121087,-116.3915131,"100 E Pine Ave, Meridian, ID 83642, USA"
kenosha,wisconsin,42.5847425,-87.82118539999999,"800 56th St, Kenosha, WI 53140, USA"
roanoke,virginia,37.2709704,-79.9414266,"18b Kirk Ave SW, Roanoke, VA 24018, USA"
albany,new york,42.6525793,-73.7562317,"Washington Ave & Hawk St - Capitol/Hawk Station, Albany, NY 12207, USA"
boca raton,florida,26.3683064,-80.1289321,"2331 FL-808, Boca Raton, FL 33431, USA"
spokane valley,washington,47.6732281,-117.2393748,"12321 E Mission Ave, Spokane Valley, WA 99216, USA"
orem,utah,40.2968979,-111.6946475,"15 State St, Orem, UT 84058, USA"
compton,california,33.8958492,-118.2200712,"298 E Compton Blvd, Compton, CA 90221, USA"
beaverton,oregon,45.4887993,-122.8013332,"12050 SW Canyon Rd, Beaverton, OR 97005, USA"
erie,pennsylvania,42.12922409999999,-80.085059,"600 State St, Erie, PA 16507, USA"
lee's summit,missouri,38.9108408,-94.3821724,"210 SW 3rd St, Lee's Summit, MO 64063, USA"
lawrence,kansas,38.9716689,-95.2352501,"636 Massachusetts St, Lawrence, KS 66044, USA"
federal way,washington,47.3223221,-122.3126222,"S 312th St & Pacific Hwy S, Federal Way, WA 98003, USA"
flint,michigan,43.0125274,-83.6874562,"815 Saginaw St, Flint, MI 48502, USA"
san marcos,california,33.1433723,-117.1661449,"236 W Mission Rd, San Marcos, CA 92069, USA"
rio rancho,new mexico,35.2327544,-106.6630437,"1500 36th Cir SE, Rio Rancho, NM 87124, USA"
sandy,utah,40.5649781,-111.8389726,"1853 E Sego Lily Dr, Sandy, UT 84092, USA"
mission viejo,california,33.5968913,-117.6581562,"27000-27060 La Paz Rd, Mission Viejo, CA 92692, USA"
brockton,massachusetts,42.0834335,-71.0183787,"34 School St, Brockton, MA 02301, USA"
yuma,arizona,32.6926512,-114.6276916,"647-699 W 19th St, Yuma, AZ 85364, USA"
south gate,california,33.954737,-118.2120161,"Firestone / State, South Gate, CA 90280, USA"
new bedford,massachusetts,41.6362152,-70.93420499999999,"44-68 Cedar St, New Bedford, MA 02740, USA"
hesperia,california,34.4263886,-117.3008784,"9646 Hesperia Rd, Hesperia, CA 92345, USA"
roswell,georgia,34.0232431,-84.3615555,"890 Atlanta St, Roswell, GA 30075, USA"
portsmouth,virginia,36.8354258,-76.2982742,"200 High St, Portsmouth, VA 23704, USA"
bend,oregon,44.0581728,-121.3153096,"Franklin at Wall, Bend, OR 97703, USA"
dearborn,michigan,42.3222599,-83.17631449999999,"13614 Michigan Ave, Dearborn, MI 48126, USA"
longmont,colorado,40.1672068,-105.1019275,"565 5th Ave, Longmont, CO 80501, USA"
sunrise,florida,26.1669711,-80.25659499999999,"7899 W Oakland Park Blvd, Sunrise, FL 33351, USA"
quincy,massachusetts,42.2528772,-71.0022705,"44 Saville Ave, Quincy, MA 02169, USA"
livonia,michigan,42.36837,-83.35270969999999,"31441 Plymouth Rd, Livonia, MI 48150, USA"
lynn,massachusetts,42.46676300000001,-70.9494938,"555 Essex St, Lynn, MA 01902, USA"
plantation,florida,26.1275862,-80.23310359999999,"480 Holly Ln, Plantation, FL 33317, USA"
lawton,oklahoma,34.6035669,-98.39592909999999,"514-548 SW D Ave, Lawton, OK 73501, USA"
yakima,washington,46.6020711,-120.5058987,"9 S 1st St, Yakima, WA 98901, USA"
nampa,idaho,43.5788175,-116.55978,"17 12th Ave S, Nampa, ID 83651, USA"
chico,california,39.7284944,-121.8374777,"3199 plummer drive, Chico, CA 95928, USA"
carson,california,33.8316745,-118.281693,"Carson St at Moneta Av, Carson, CA 90745, USA"
miami beach,florida,25.790654,-80.1300455,"1644 Collins Ave, Miami Beach, FL 33139, USA"
santa monica,california,34.0194543,-118.4911912,"802 Santa Monica Blvd, Santa Monica, CA 90401, USA"
carmel,indiana,39.978371,-86.1180435,"599 E Main St, Carmel, IN 46032, USA"
greenville,north carolina,35.612661,-77.3663538,"201 S Summit St, Greenville, NC 27858, USA"
santa barbara,california,34.4208305,-119.6981901,"100 E De La Guerra St, Santa Barbara, CA 93101, USA"
concord,north carolina,35.4087517,-80.579511,"92 Union St S, Concord, NC 28025, USA"
edmond,oklahoma,35.6528323,-97.47809540000002,"200 S Blvd, Edmond, OK 73034, USA"
asheville,north carolina,35.5950581,-82.5514869,"1 S Pack Square, Asheville, NC 28801, USA"
fishers,indiana,39.9567548,-86.01335,"8787 E 116th St, Fishers, IN 46038, USA"
redding,california,40.5865396,-122.3916754,"1289 CA-273, Redding, CA 96001, USA"
westminster,california,33.7591757,-117.9897058,"14011 Beach Blvd, Westminster, CA 92683, USA"
tracy,california,37.7396513,-121.4252227,"22 Eleventh St, Tracy, CA 95376, USA"
deltona,florida,28.9005446,-81.26367379999999,"568 E Normandy Blvd, Deltona, FL 32725, USA"
menifee,california,33.6971468,-117.185294,"27234 Pinehurst Rd, Sun City, CA 92586, USA"
san leandro,california,37.7249296,-122.1560768,"1221 E 14th St, San Leandro, CA 94577, USA"
livermore,california,37.6818745,-121.7680088,"2788 S Livermore Ave, Livermore, CA 94550, USA"
edinburg,texas,26.3017374,-98.1633432,"100-146 N 10th Ave, Edinburg, TX 78539 N 10th Ave, Edinburg, TX 78539, USA"
suffolk,virginia,36.7282054,-76.5835621,"111 W Washington St, Suffolk, VA 23434, USA"
chino,california,34.0122346,-117.688944,"13271 Central Ave, Chino, CA 91710, USA"
indio,california,33.7205771,-116.2155619,"83100 Indio Blvd, Indio, CA 92201, USA"
fall river,massachusetts,41.7014912,-71.1550451,"20 S Main St, Fall River, MA 02721, USA"
bellingham,washington,48.7519112,-122.4786854,"206 W Champion St, Bellingham, WA 98225, USA"
norwalk,connecticut,41.11774399999999,-73.4081575,"85 East Ave, Norwalk, CT 06851, USA"
newton,massachusetts,42.3370413,-71.20922139999999,"1000 Commonwealth Avenue, Newton, MA 02459, USA"
kirkland,washington,47.6768927,-122.2059833,"172 Central Way, Kirkland, WA 98033, USA"
sugar land,texas,29.6196787,-95.6349463,"8100 US-90 ALT, Sugar Land, TX 77478, USA"
reading,pennsylvania,40.3356483,-75.9268747,"525 Penn St, Reading, PA 19601, USA"
nashua,new hampshire,42.7653662,-71.46756599999999,"9 Main St, Nashua, NH 03064, USA"
fort smith,arkansas,35.3859242,-94.39854749999999,"3103 Grand Ave, Fort Smith, AR 72904, USA"
citrus heights,california,38.7071247,-121.2810611,"7754 Mariposa Ave, Citrus Heights, CA 95610, USA"
hawthorne,california,33.9164032,-118.3525748,"El Segundo Bl & Hawthorne Bl, Hawthorne, CA 90250, USA"
waukegan,illinois,42.3636331,-87.84479379999999,"Jackson/Oak Crest, Waukegan, IL 60085, USA"
o'fallon,missouri,38.8106075,-90.69984769999999,"current location, O'Fallon, MO 63366, United States"
champaign,illinois,40.1164204,-88.2433829,"Champaign City Building, 102 N Neil St, Champaign, IL 61820, USA"
ogden,utah,41.223,-111.9738304,"298 24th St, Ogden, UT 84401, USA"
whittier,california,33.9791793,-118.032844,"13363-13399 Philadelphia St, Whittier, CA 90601, USA"
redwood city,california,37.48521520000001,-122.2363548,"1201 Brewster Ave, Redwood City, CA 94062, USA"
mount pleasant town,south carolina,32.8323225,-79.82842579999999,"1902-1914 N Hwy 17, Mt Pleasant, SC 29464, USA"
clifton,new jersey,40.8584328,-74.16375529999999,"169 Oak Ridge Rd, Clifton, NJ 07013, USA"
palm coast,florida,29.5844524,-81.20786989999999,"3 Central Pl, Palm Coast, FL 32137, USA"
newport beach,california,33.6188829,-117.9298493,"3600 Newport Blvd, Newport Beach, CA 92663, USA"
duluth,minnesota,46.78667189999999,-92.1004852,"100 W 1st St, Duluth, MN 55802, USA"
bloomington,minnesota,44.840798,-93.2982799,"1498 W 90th St, Bloomington, MN 55431, USA"
alhambra,california,34.095287,-118.1270146,"Main / Garfield, Alhambra, CA 91801, USA"
fayetteville,arkansas,36.082156,-94.17185420000001,"896 W Lawson St, Fayetteville, AR 72703, USA"
danbury,connecticut,41.394817,-73.4540111,"10 Library Pl, Danbury, CT 06810, USA"
hemet,california,33.7475203,-116.9719684,"172-100 S Inez St, Hemet, CA 92543, USA"
bloomington,indiana,39.165325,-86.52638569999999,"IU Maurer School of Law, 211 S Indiana Ave, Bloomington, IN 47405, USA"
trenton,new jersey,40.2205824,-74.759717,"300 E State St, Trenton, NJ 08608, USA"
hoover,alabama,33.4053867,-86.8113781,"2 Chase Corporate Center Dr, Hoover, AL 35226, USA"
largo,florida,27.9094665,-82.7873244,"716 Seminole Blvd, Largo, FL 33770, USA"
mission,texas,26.2159066,-98.32529319999999,"1000 N Conway Ave, Mission, TX 78572, USA"
st. george,utah,37.0965278,-113.5684164,"60 100 E, St. George, UT 84770, USA"
conroe,texas,30.3118769,-95.45605119999999,"101 E Davis St, Conroe, TX 77301, USA"
johns creek,georgia,34.0289259,-84.198579,"310 Morgan Hill Ct, Johns Creek, GA 30022, USA"
lake forest,california,33.6469437,-117.6861023,"Lake Forest-Trabuco, Lake Forest, CA 92630, USA"
avondale,arizona,33.4355977,-112.3496021,"14 E Western Ave, Avondale, AZ 85323, USA"
bryan,texas,30.6743643,-96.3699632,"101 N Texas Ave, Bryan, TX 77803, USA"
troy,michigan,42.6064095,-83.1497751,"5977 Livernois Rd, Troy, MI 48098, USA"
santa fe,new mexico,35.6869752,-105.937799,"646 W San Francisco St, Santa Fe, NM 87501, USA"
merced,california,37.3021632,-120.4829677,"1731 Canal St, Merced, CA 95340, USA"
buena park,california,33.8674044,-117.9981387,"Beach-Auto Center Drive, Buena Park, CA 90621, USA"
pleasanton,california,37.6624312,-121.8746789,"652 Main St, Pleasanton, CA 94566, USA"
cicero town,illinois,41.8455877,-87.7539448,"2504 S Laramie Ave, Cicero, IL 60804, USA"
sioux city,iowa,42.4963416,-96.40494079999999,"600 Pierce St, Sioux City, IA 51101, USA"
melbourne,florida,28.0836269,-80.60810889999999,"800 E Seminole Ave, Melbourne, FL 32901, USA"
medford,oregon,42.3265152,-122.8755949,"161 N Fir St, Medford, OR 97501, USA"
westland,michigan,42.32420399999999,-83.400211,"36435 Ford Rd, Westland, MI 48185, USA"
kennewick,washington,46.2086683,-119.119948,"127 W Kennewick Ave, Kennewick, WA 99336, USA"
longview,texas,32.5007037,-94.74048909999999,"200 US-80, Longview, TX 75601, USA"
mountain view,california,37.3860517,-122.0838511,"790 W El Camino Real, Mountain View, CA 94040, USA"
somerville,massachusetts,42.3875968,-71.0994968,"109 Highland Ave, Somerville, MA 02143, USA"
cranston,rhode island,41.7798226,-71.4372796,"899 Park Ave, Cranston, RI 02910, USA"
farmington hills,michigan,42.4989936,-83.3677168,"32224 West 12 Mile Road, Farmington Hills, MI 48334, USA"
lynchburg,virginia,37.4137536,-79.14224639999999,"900 Church St, Lynchburg, VA 24504, USA"
lakewood,california,33.8536269,-118.1339563,"5247 Clark Ave, Lakewood, CA 90712, USA"
warwick,rhode island,41.7001009,-71.4161671,"181 Spring Grove Ave, Warwick, RI 02889, USA"
auburn,washington,47.30732279999999,-122.2284532,"102 E Main St, Auburn, WA 98002, USA"
brooklyn park,minnesota,45.0941315,-93.3563405,"Zane Ave N & Brooklyn Blvd, Brooklyn Park, MN 55443, USA"
deerfield beach,florida,26.3184123,-80.09976569999999,"185 E Hillsboro Blvd, Deerfield Beach, FL 33441, USA"
tustin,california,33.7420005,-117.8236391,"100 W Main St, Tustin, CA 92780, USA"
chino hills,california,33.9898188,-117.7325848,"3316 Eucalyptus Ave, Chino Hills, CA 91709, USA"
lawrence,massachusetts,42.7070354,-71.1631137,"370 Essex St, Lawrence, MA 01840, USA"
new rochelle,new york,40.9114882,-73.7823549,"270 North Ave, New Rochelle, NY 10801, USA"
fort myers,florida,26.640628,-81.8723084,"104 Tamiami Trail, Fort Myers, FL 33901, USA"
goodyear,arizona,33.4353394,-112.3576567,"101 W Western Ave, Avondale, AZ 85323, USA"
napa,california,38.2975381,-122.286865,"853 Coombs St, Napa, CA 94559, USA"
springdale,arkansas,36.18674420000001,-94.1288141,"208-298 E Johnson Ave, Springdale, AR 72764, USA"
pharr,texas,26.1947962,-98.1836216,"100 W U.S. Hwy 83, Pharr, TX 78577, USA"
manteca,california,37.7974273,-121.2160526,"127 E Yosemite Ave, Manteca, CA 95336, USA"
alameda,california,37.7652065,-122.2416355,"Santa Clara Av:Park St, Alameda, CA 94501, USA"
parma,ohio,41.4047742,-81.7229086,"5403 Snow Rd, Parma, OH 44129, USA"
new braunfels,texas,29.7030024,-98.1244531,"770 S Interstate 35, New Braunfels, TX 78130, USA"
plymouth,minnesota,45.0105194,-93.4555093,"13888 Olson Memorial Hwy, Plymouth, MN 55441, USA"
franklin,tennessee,35.9250637,-86.8688899,"106 3rd Ave N, Franklin, TN 37064, USA"
milpitas,california,37.4323341,-121.8995741,"419 CA-237, Milpitas, CA 95035, USA"
folsom,california,38.6779591,-121.1760583,"600-698 Sutter St, Folsom, CA 95630, USA"
bloomington,illinois,40.4842027,-88.99368729999999,"615 N Main St, Bloomington, IL 61701, USA"
perris,california,33.7825194,-117.2286478,"359-325 S D St, Perris, CA 92570, USA"
bellflower,california,33.8816818,-118.1170117,"17053 Bellflower Bike Trail, Bellflower, CA 90706, USA"
boynton beach,florida,26.5317866,-80.0905465,"1790 N Congress Ave, Boynton Beach, FL 33426, USA"
scranton,pennsylvania,41.408969,-75.66241219999999,"200-298 N Washington Ave, Scranton, PA 18503, USA"
racine,wisconsin,42.7261309,-87.78285230000002,"614 Main St, Racine, WI 53403, USA"
lake charles,louisiana,30.2265949,-93.2173758,"949 Ryan St, Lake Charles, LA 70601, USA"
upland,california,34.09751,-117.6483876,"308B N 2nd Ave, Upland, CA 91786, USA"
baytown,texas,29.7355047,-94.97742740000001,"810 W Texas Ave, Baytown, TX 77520, USA"
loveland,colorado,40.3977612,-105.0749801,"601 Cleveland Ave, Loveland, CO 80537, USA"
layton,utah,41.0602216,-111.9710529,"280 W Gentile St, Layton, UT 84041, USA"
flower mound town,texas,33.0145673,-97.0969552,"2200 Whispering Oaks, Flower Mound, TX 75022, USA"
hammond,indiana,41.5833688,-87.5000412,"7141 Columbia Ave, Hammond, IN 46324, USA"
gastonia,north carolina,35.262082,-81.18730049999999,"176 W Franklin Blvd, Gastonia, NC 28052, USA"
st. joseph,missouri,39.7674578,-94.84668099999999,"1001 Francis St, St Joseph, MO 64501, USA"
baldwin park,california,34.0852868,-117.9608978,"3972 Maine Ave, Baldwin Park, CA 91706, USA"
gary,indiana,41.6020403,-87.3371523,"10 E 5th Ave, Gary, IN 46402, USA"
wyoming,michigan,42.9133602,-85.7053085,"2801 Burlingame Ave SW, Wyoming, MI 49519, USA"
san ramon,california,37.7799273,-121.9780153,"San Ramon Valley Blvd Between Fostoria Way, San Ramon, CA 94583, USA"
jonesboro,arkansas,35.84229670000001,-90.704279,"201-299 S Main St, Jonesboro, AR 72401, USA"
kalamazoo,michigan,42.2917069,-85.5872286,"348 W Michigan Ave, Kalamazoo, MI 49007, USA"
iowa city,iowa,41.6611277,-91.5301683,"10 S Gilbert St, Iowa City, IA 52240, USA"
bethlehem,pennsylvania,40.6259316,-75.37045789999999,"833 Linden St, Bethlehem, PA 18018, USA"
cedar park,texas,30.505198,-97.8202888,"406 Old Mill Rd, Cedar Park, TX 78613, USA"
arlington heights village,illinois,42.0883603,-87.98062650000001,"112 E Euclid Ave, Arlington Heights, IL 60004, USA"
union city,california,37.5933918,-122.0438298,"Alvarado-Niles Rd & Dowe Av, Union City, CA 94587, USA"
bolingbrook village,illinois,41.69864159999999,-88.0683955,"Rte 53 & Briarcliff Rd, Bolingbrook, IL 60440, USA"
warner robins,georgia,32.6130007,-83.624201,"205 S Pleasant Hill Rd, Warner Robins, GA 31088, USA"
evanston,illinois,42.0450722,-87.68769689999999,"1511 Ridge Ave, Evanston, IL 60201, USA"
appleton,wisconsin,44.2619309,-88.41538469999999,"638 W College Ave, Appleton, WI 54911, USA"
camden,new jersey,39.9259463,-75.1196199,"1535 Broadway, Camden, NJ 08104, USA"
temple,texas,31.0982344,-97.342782,"18 N 3rd St, Temple, TX 76501, USA"
missouri city,texas,29.6185669,-95.5377215,"1531 Hwy 90 Alt, Missouri City, TX 77489, USA"
rapid city,south dakota,44.0805434,-103.2310149,"803 St Joseph St, Rapid City, SD 57701, USA"
rochester hills,michigan,42.65836609999999,-83.1499322,"805 Dickson Ln, Rochester Hills, MI 48307, USA"
schaumburg village,illinois,42.0333607,-88.0834059,"314 N Pleasant Dr, Schaumburg, IL 60194, USA"
rancho cordova,california,38.5890723,-121.302728,"10400-10416 Folsom Blvd, Rancho Cordova, CA 95670, USA"
turlock,california,37.4946568,-120.8465941,"111 N Golden State Blvd, Turlock, CA 95380, USA"
missoula,montana,46.8721284,-113.9940314,"248 N Higgins Ave, Missoula, MT 59802, USA"
southfield,michigan,42.4733688,-83.2218731,"18100-18130 W 10 Mile Rd, Southfield, MI 48075, USA"
albany,georgia,31.5785074,-84.15574099999999,"323-399 Pine Ave, Albany, GA 31701, USA"
apple valley town,california,34.5008311,-117.1858759,"21910 Outer Hwy 18 N, Apple Valley, CA 92307, USA"
rock hill,south carolina,34.9248667,-81.02507840000001,"223 E Main St, Rock Hill, SC 29730, USA"
pasco,washington,46.2305049,-119.0922316,"430 W Lewis St, Pasco, WA 99301, USA"
bismarck,north dakota,46.8083268,-100.7837392,"514 E Thayer Ave, Bismarck, ND 58501, USA"
new britain,connecticut,41.6612104,-72.7795419,"110 Franklin Square, New Britain, CT 06051, USA"
waukesha,wisconsin,43.0116784,-88.2314813,"294 W Main St, Waukesha, WI 53186, USA"
jacksonville,north carolina,34.7540524,-77.4302414,"111 US-17 BUS, Jacksonville, NC 28540, USA"
lafayette,indiana,40.4167022,-86.87528689999999,"12 Grant St, Lafayette, IN 47904, USA"
decatur,illinois,39.8403147,-88.9548001,"101-199 E Wood St, Decatur, IL 62523, USA"
pittsburg,california,38.0279762,-121.8846806,"160 E 10th St, Pittsburg, CA 94565, USA"
pawtucket,rhode island,41.878711,-71.38255579999999,"119 Roosevelt Rd, Cumberland, RI 02864, USA"
flagstaff,arizona,35.1982836,-111.651302,"122 US-180, Flagstaff, AZ 86001, USA"
lauderhill,florida,26.1403635,-80.2133808,"4721 NW 12th St, Lauderhill, FL 33313, USA"
gulfport,mississippi,30.3674198,-89.0928155,"1300-1310 25th Ave, Gulfport, MS 39501, USA"
redlands,california,34.0555693,-117.1825381,"18 E Citrus Ave, Redlands, CA 92373, USA"
frederick,maryland,39.41426879999999,-77.4105409,"3 E Patrick St, Frederick, MD 21701, USA"
passaic,new jersey,40.8567662,-74.1284764,"Passaic Ave at Paulison Ave, Passaic, NJ 07055, USA"
wilmington,delaware,39.744655,-75.5483909,"838 N Market St, Wilmington, DE 19801, USA"
kissimmee,florida,28.2919557,-81.40757099999999,"Robards Number Four Heliport, Kissimmee, FL 34746, USA"
lynwood,california,33.930293,-118.2114603,"11171 Long Beach Blvd, Lynwood, CA 90262, USA"
maple grove,minnesota,45.0724642,-93.4557877,"6439 Berkshire Ln N, Maple Grove, MN 55311, USA"
south jordan,utah,40.5621704,-111.929658,"South Jordan Pkwy @ 1330 W, South Jordan, UT 84095, USA"
weston,florida,26.1003654,-80.3997748,"33332, Weston, FL 33327, United States"
canton,ohio,40.79894729999999,-81.378447,"101-199 Mckinley Ave SW, Canton, OH 44702, USA"
georgetown,texas,30.6332618,-97.6779842,"1202 S Austin Ave, Georgetown, TX 78626, USA"
north richland hills,texas,32.8342952,-97.2289029,"4800 Blaney Ave, North Richland Hills, TX 76180, USA"
union city,new jersey,40.7795455,-74.02375119999999,"4501 Bergenline Ave, Union City, NJ 07087, USA"
st. charles,missouri,38.7881062,-90.4974359,"1714 Watson St, St Charles, MO 63301, USA"
homestead,florida,25.4687224,-80.4775569,"180 S Flagler Ave, Homestead, FL 33030, USA"
walnut creek,california,37.9100783,-122.0651819,"2225 N Main St, Walnut Creek, CA 94596, USA"
woodbury,minnesota,44.9238552,-92.9593797,"1670 Queens Dr, Woodbury, MN 55125, USA"
davis,california,38.5449065,-121.7405167,"615 3rd St, Davis, CA 95616, USA"
mansfield,texas,32.5631924,-97.1416768,"100 E Broad St, Mansfield, TX 76063, USA"
marysville,washington,48.0517637,-122.1770818,"318 State Ave, Marysville, WA 98270, USA"
delray beach,florida,26.4614625,-80.0728201,"4 E Atlantic Ave, Delray Beach, FL 33444, USA"
gaithersburg,maryland,39.1434406,-77.2013705,"120 MD-355, Gaithersburg, MD 20877, USA"
mount vernon,new york,40.9125992,-73.8370786,"9 Gramatan Ave, Mt Vernon, NY 10550, USA"
palatine village,illinois,42.1103041,-88.03424000000001,"10 E Northwest Hwy, Palatine, IL 60067, USA"
muncie,indiana,40.1933767,-85.3863599,"105 E Main St, Muncie, IN 47305, USA"
eau claire,wisconsin,44.811349,-91.4984941,"333 Gibson St, Eau Claire, WI 54701, USA"
bossier city,louisiana,32.5159852,-93.7321228,"701 Barksdale Blvd, Bossier City, LA 71111, USA"
buckeye,arizona,33.3703197,-112.5837766,"517 Monroe Ave, Buckeye, AZ 85326, USA"
rockville,maryland,39.0839973,-77.1527578,"S Washington St & Court House Sq, Rockville, MD 20850, USA"
broomfield,colorado,39.9205411,-105.0866504,"300 Nickel St, Broomfield, CO 80020, USA"
yorba linda,california,33.88850350000001,-117.8132571,"18992 Yorba Linda Blvd, Yorba Linda, CA 92886, USA"
greenville,south carolina,34.85261759999999,-82.3940104,"304 N Church St, Greenville, SC 29601, USA"
dothan,alabama,31.2232313,-85.3904888,"214 E Main St, Dothan, AL 36301, USA"
daytona beach,florida,29.2108147,-81.0228331,"301 US-92, Daytona Beach, FL 32114, USA"
st. cloud,minnesota,45.5579451,-94.16324039999999,"1010 10th Ave S, St Cloud, MN 56301, USA"
redondo beach,california,33.8491816,-118.3884078,"501 Beryl St, Redondo Beach, CA 90277, USA"
camarillo,california,34.2163937,-119.0376023,"2402 Ventura Blvd, Camarillo, CA 93010, USA"
waterloo,iowa,42.492786,-92.34257749999999,"503 W 4th St, Waterloo, IA 50701, USA"
kenner,louisiana,29.9940924,-90.2417434,"Williams at 21st St., Kenner, LA 70062, USA"
south san francisco,california,37.654656,-122.4077498,"296 Airport Blvd, South San Francisco, CA 94080, USA"
bayonne,new jersey,40.6687141,-74.1143091,"631 Broadway, Bayonne, NJ 07002, USA"
palo alto,california,37.4418834,-122.1430195,"668 Coleridge Ave, Palo Alto, CA 94301, USA"
victoria,texas,28.8052674,-97.0035982,"210 N Main St, Victoria, TX 77901, USA"
bowling green,kentucky,36.9685219,-86.4808043,"2401-2417 KY-80, Bowling Green, KY 42101, USA"
portland,maine,43.6590993,-70.2568189,"Congress St +, Exchange St, Portland, ME 04101, United States"
yuba city,california,39.1404477,-121.6169108,"444 Colusa Ave, Yuba City, CA 95991, USA"
jackson,tennessee,35.6145169,-88.81394689999999,"457 E Main St, Jackson, TN 38301, USA"
oshkosh,wisconsin,44.0247062,-88.5426136,"651 US-45, Oshkosh, WI 54901, USA"
eagan,minnesota,44.8041322,-93.1668858,"4216 Pilot Knob Rd, Eagan, MN 55123, USA"
ames,iowa,42.0307812,-93.63191309999999,"Brookside Park, 1325 6th St, Ames, IA 50010, USA"
rogers,arkansas,36.3320196,-94.1185366,"214 W Elm St, Rogers, AR 72756, USA"
lake elsinore,california,33.6680772,-117.3272615,"104 N Main St, Lake Elsinore, CA 92530, USA"
johnson city,tennessee,36.3134397,-82.3534727,"385 Cherry St, Johnson City, TN 37615, USA"
laguna niguel,california,33.5236744,-117.7149438,"30250 Crown Valley Pkwy, Laguna Niguel, CA 92677, USA"
north port,florida,27.044224,-82.2359254,"14299 Tamiami Trail, North Port, FL 34287, USA"
north little rock,arkansas,34.769536,-92.2670941,"1608 Main St, North Little Rock, AR 72114, USA"
lodi,california,38.1341477,-121.2722194,"1 E Pine St, Lodi, CA 95240, USA"
alpharetta,georgia,34.0753762,-84.2940899,"10405 Old Roswell Rd, Alpharetta, GA 30022, USA"
conway,arkansas,35.0886963,-92.4421011,"1319 Main St, Conway, AR 72034, USA"
tamarac,florida,26.2128609,-80.2497707,"7272 Papaya Way, Tamarac, FL 33321, USA"
schenectady,new york,42.8142432,-73.9395687,"105 Jay St, Schenectady, NY 12305, USA"
west des moines,iowa,41.5638902,-93.75938409999999,"4200 Mills Civic Pkwy, West Des Moines, IA 50265, USA"
shawnee,kansas,39.02284849999999,-94.7151865,"11115 Johnson Dr, Shawnee, KS 66203, USA"
madera,california,36.9613356,-120.0607176,"100 N Gateway Dr, Madera, CA 93637, USA"
harlingen,texas,26.1906306,-97.69610259999999,"302 S Commerce St, Harlingen, TX 78550, USA"
east orange,new jersey,40.767323,-74.2048677,"23 Parkway Dr, East Orange, NJ 07017, USA"
san clemente,california,33.4273521,-117.6126004,"99 Avenida Del Mar, San Clemente, CA 92672, USA"
santa cruz,california,36.9741171,-122.0307963,"598 Chestnut St, Santa Cruz, CA 95060, USA"
jupiter town,florida,26.9342246,-80.0942087,"100 W Indiantown Rd, Jupiter, FL 33458, USA"
wellington village,florida,26.6617635,-80.2683571,"13998 Wellington Trace, Wellington, FL 33414, USA"
rocklin,california,38.7907339,-121.2357828,"5175 Pacific St, Rocklin, CA 95677, USA"
youngstown,ohio,41.0997803,-80.6495194,"3545 Market St, Youngstown, OH 44503, USA"
blaine,minnesota,45.1607987,-93.23494889999999,"1400 105th Ave NE, Blaine, MN 55434, USA"
sammamish,washington,47.61626829999999,-122.0355736,"740 228th Ave NE, Sammamish, WA 98074, USA"
eden prairie,minnesota,44.8546856,-93.47078599999999,"15201 Scenic Heights Rd, Eden Prairie, MN 55344, USA"
janesville,wisconsin,42.6827885,-89.0187222,"51 S Main St, Janesville, WI 53545, USA"
redmond,washington,47.6739881,-122.121512,"16598-16412 NE 79th St, Redmond, WA 98052, USA"
skokie village,illinois,42.0324025,-87.7416246,"8320 Kolmar Ave, Skokie, IL 60076, USA"
auburn,alabama,32.6098566,-85.48078249999999,"224 N College St, Auburn, AL 36830, USA"
tulare,california,36.2077288,-119.3473379,"115 E Tulare Ave, Tulare, CA 93274, USA"
lorain,ohio,41.452819,-82.1823746,"1854 Hamilton Ave, Lorain, OH 44052, USA"
lakeville,minnesota,44.6496868,-93.24271999999999,"PO Box 1217 (see website, Lakeville, MN 55044, United States"
haverhill,massachusetts,42.7762015,-71.0772796,"9 MA-125, Haverhill, MA 01830, USA"
cheyenne,wyoming,41.1399814,-104.8202462,"2320 Capitol Ave, Cheyenne, WY 82001, USA"
pico rivera,california,33.9830688,-118.096735,"6750 Rosemead Blvd, Pico Rivera, CA 90660, USA"
pflugerville,texas,30.4548451,-97.6222665,"806 Black Locust Drive East, Pflugerville, TX 78660, USA"
eastvale,california,33.952463,-117.5848025,"7468 Sungold Ave, Eastvale, CA 92880, USA"
port orange,florida,29.1383165,-80.9956105,"535 Locust St, Port Orange, FL 32127, USA"
montebello,california,34.0165053,-118.1137535,"1301-1411 W Harding Ave, Montebello, CA 90640, USA"
encinitas,california,33.0369867,-117.2919818,"1163 S Coast Hwy 101, Encinitas, CA 92024, USA"
san marcos,texas,29.8832749,-97.9413941,"4015 IH 35 S STE# 328, San Marcos, TX 78666, USA"
rowlett,texas,32.9029017,-96.56388,"4011 Main St, Rowlett, TX 75088, USA"
lehi,utah,40.3916172,-111.8507662,"86 W 300 N, Lehi, UT 84043, USA"
coon rapids,minnesota,45.1732394,-93.30300629999999,"11155 Robinson Dr, Minneapolis, MN 55433, USA"
grand junction,colorado,39.0638705,-108.5506486,"1301 Pitkin Ave, Grand Junction, CO 81501, USA"
la habra,california,33.9318591,-117.946137,"110 W La Habra Blvd, La Habra, CA 90631, USA"
waltham,massachusetts,42.3764852,-71.2356113,"627 Main St, Waltham, MA 02452, USA"
brentwood,california,37.931868,-121.6957863,"Brentwood Blvd & Oak St, Brentwood, CA 94513, USA"
ankeny,iowa,41.7317884,-93.6001278,"101 S Ankeny Blvd, Ankeny, IA 50023, USA"
springfield,oregon,44.0462362,-123.0220289,"141 Pioneer Pkwy E, Springfield, OR 97477, USA"
council bluffs,iowa,41.2619444,-95.8608333,"1146-1198, US-6, Council Bluffs, IA 51501, United States"
castle rock town,colorado,39.3722121,-104.8560902,"222 Cantril St, Castle Rock, CO 80104, USA"
north miami,florida,25.8900949,-80.1867138,"NE 125 St & 6 Av, North Miami, FL 33161, USA"
hamilton,ohio,39.3995008,-84.5613355,"219 High St, Hamilton, OH 45011, USA"
noblesville,indiana,40.0455917,-86.0085955,"1309 Conner St, Noblesville, IN 46060, USA"
moore,oklahoma,35.3395079,-97.48670279999999,"200 N Broadway St, Moore, OK 73160, USA"
burnsville,minnesota,44.7677424,-93.27772259999999,"Nicollet Av at 130 St SE corner, Burnsville, MN 55337, USA"
national city,california,32.6781085,-117.0991967,"999-701 I Ave, National City, CA 91950, USA"
taylor,michigan,42.240872,-83.2696509,"Telegraph @ Wick Road, Taylor, MI 48180, USA"
malden,massachusetts,42.4250964,-71.066163,"229 MA-60, Malden, MA 02148, USA"
doral,florida,25.8195424,-80.3553302,"9816 NW 51st Terrace, Doral, FL 33178, USA"
idaho falls,idaho,43.49266069999999,-112.0407584,"401 Park Ave, Idaho Falls, ID 83402, USA"
marietta,georgia,33.95260200000001,-84.5499327,"99 S Park Square NE, Marietta, GA 30060, USA"
monterey park,california,34.0625106,-118.1228476,"Garvey / Garfield, Monterey Park, CA, USA"
coconut creek,florida,26.2517482,-80.17893509999999,"3205 Portofino Point, Coconut Creek, FL 33066, USA"
dublin,california,37.7021521,-121.9357918,"7007 San Ramon Rd, Dublin, CA 94568, USA"
petaluma,california,38.232417,-122.6366524,"201 Petaluma Blvd S, Petaluma, CA 94952, USA"
cupertino,california,37.3229978,-122.0321823,"20451 Stevens Creek Blvd, Cupertino, CA 95014, USA"
terre haute,indiana,39.4667034,-87.41390919999999,"201 Cherry St, Terre Haute, IN 47807, USA"
utica,new york,43.100903,-75.232664,"200 Genesee St, Utica, NY 13501, USA"
vineland,new jersey,39.4863773,-75.02596369999999,"1255 W Landis Ave, Vineland, NJ 08360, USA"
lakewood,washington,47.1717649,-122.518458,"9501-9509 Gravelly Lake Dr SW, Lakewood, WA 98499, USA"
gardena,california,33.8883487,-118.3089624,"Redondo Beach Bl & Western Ave, Gardena, CA 90247, USA"
bristol,connecticut,41.67176480000001,-72.9492703,"West St and School St, Bristol, CT 06010, USA"
millcreek,utah,40.6868914,-111.8754907,"554 E 3900 S, Murray, UT 84107, USA"
la mesa,california,32.7678287,-117.0230839,"8118 University Ave, La Mesa, CA 91942, USA"
woodland,california,38.67851570000001,-121.7732971,"300 1st St, Woodland, CA 95695, USA"
taylorsville,utah,40.66772479999999,-111.9388258,"4700 S Redwood Rd, Salt Lake City, UT 84118, USA"
west allis,wisconsin,43.0166806,-88.0070315,"Greenfield & S76 #1710, West Allis, WI 53214, USA"
meriden,connecticut,41.5381535,-72.80704349999999,"110 W Main St, Meriden, CT 06451, USA"
chapel hill town,north carolina,35.9131996,-79.0558445,"22 S Columbia St, Chapel Hill, NC 27514, USA"
pontiac,michigan,42.6389216,-83.29104679999999,"50 N Perry St, Pontiac, MI 48342, USA"
novi,michigan,42.48059,-83.4754913,"25972 Novi Rd, Novi, MI 48375, USA"
lancaster,pennsylvania,40.0378755,-76.3055144,"2 E King St, Lancaster, PA 17602, USA"
st. clair shores,michigan,42.4974085,-82.89636039999999,"27810 Gladstone St, St Clair Shores, MI 48081, USA"
owensboro,kentucky,37.7719074,-87.1111676,"424 Allen St, Owensboro, KY 42303, USA"
sanford,florida,28.8028612,-81.269453,"211 W 11th St, Sanford, FL 32771, USA"
springfield,ohio,39.9242266,-83.8088171,"1 E Main St, Springfield, OH 45502, USA"
porterville,california,36.06523,-119.0167679,"8 W Olive Ave, Porterville, CA 93257, USA"
royal oak,michigan,42.4894801,-83.1446485,"108 S Main St, Royal Oak, MI 48067, USA"
ocala,florida,29.1871986,-82.14009229999999,"333-399 W Silver Springs Blvd, Ocala, FL 34475, USA"
bartlett,tennessee,35.2045328,-89.8739753,"5680 TN-15, Bartlett, TN 38134, USA"
san rafael,california,37.9735346,-122.5310874,"1314 4th St, San Rafael, CA 94901, USA"
white plains,new york,41.03398620000001,-73.7629097,"1133 Westchester Ave, White Plains, NY 10605, USA"
great falls,montana,47.5052849,-111.3007715,"410 Central Ave, Great Falls, MT 59401, USA"
bowie,maryland,39.0067768,-76.77913649999999,"8602 Chestnut Ave, Bowie, MD 20715, USA"
huntington park,california,33.9816812,-118.2250725,"Gage / Pacific, Huntington Park, CA 90255, USA"
arcadia,california,34.1397292,-118.0353449,"100 W Huntington Dr, Arcadia, CA 91007, USA"
orland park village,illinois,41.6303103,-87.85394250000002,"14300 96th Ave, Orland Park, IL 60462, USA"
margate,florida,26.2445263,-80.206436,"1301 E River Dr, Margate, FL 33063, USA"
dubuque,iowa,42.5005583,-90.66457179999999,"698 Central Ave, Dubuque, IA 52001, USA"
des plaines,illinois,42.0333623,-87.88339909999999,"1637 Henry Ave, Des Plaines, IL 60016, USA"
santee,california,32.8383828,-116.9739167,"Mission Gorge Rd & Cottonwood Av, Santee, CA 92071, USA"
corvallis,oregon,44.5645659,-123.2620435,"200 SW 4th St, Corvallis, OR 97330, USA"
kokomo,indiana,40.486427,-86.13360329999999,"217 W Sycamore St, Kokomo, IN 46901, USA"
casper,wyoming,42.8500769,-106.3251749,"106 S Center St, Casper, WY 82601, USA"
medford,massachusetts,42.4184296,-71.1061639,"85 George P Hassett Dr, Medford, MA 02155, USA"
gilroy,california,37.0057816,-121.5682751,"7353 Monterey Rd, Gilroy, CA 95020, USA"
hendersonville,tennessee,36.3047735,-86.6199957,"239 W Main St, Hendersonville, TN 37075, USA"
greenwood,indiana,39.6136578,-86.10665259999999,"1 West Main Street, Greenwood, IN 46142, USA"
midwest city,oklahoma,35.4495065,-97.3967019,"SE 15th St @ Felix Pl, Midwest City, OK 73110, USA"
st. peters,missouri,38.7874699,-90.6298922,"48 Plaza Ninety-Four Dr, St Peters, MO 63376, United States"
taunton,massachusetts,41.900101,-71.0897674,"http://dhfo.org/, 33 Summer St, Taunton, MA 02780, USA"
new brunswick,new jersey,40.4862157,-74.4518188,"239 Delavan St, New Brunswick, NJ 08901, USA"
grand forks,north dakota,47.9252568,-97.0328547,"102 N 4th St, Grand Forks, ND 58203, USA"
sarasota,florida,27.3364347,-82.53065269999999,"2005 Main St, Sarasota, FL 34237, USA"
smyrna,georgia,33.8839926,-84.51437609999999,"1323 Spring St, Smyrna, GA 30080, USA"
tinley park village,illinois,41.5731442,-87.7932939,"17440 IL-43, Tinley Park, IL 60477, USA"
diamond bar,california,34.0286226,-117.8103367,"504 N Diamond Bar Blvd, Diamond Bar, CA 91765, USA"
weymouth town,massachusetts,42.2180724,-70.94103559999999,"490 Broad St, Weymouth, MA 02188, USA"
bradenton,florida,27.4989278,-82.5748194,"1301 1st Ave W, Bradenton, FL 34205, USA"
hanford,california,36.3274502,-119.6456844,"219 N Douty St, Hanford, CA 93230, USA"
fountain valley,california,33.7090212,-117.9544069,"Brookhurst-Slater, Fountain Valley, CA 92708, USA"
richland,washington,46.28042000000001,-119.2751996,"590 Swift Blvd, Richland, WA 99352, USA"
huntersville town,north carolina,35.410694,-80.84285040000002,"101 NC-115, Huntersville, NC 28078, USA"
shoreline,washington,47.7559659,-122.3456972,"Aurora Ave N & N 175th St, Shoreline, WA 98133, USA"
bonita springs,florida,26.339806,-81.7786972,"10520 Reynolds St, Bonita Springs, FL 34135, USA"
oak lawn village,illinois,41.719978,-87.7479528,"5102 Museum Drive, Oak Lawn, IL 60453, USA"
valdosta,georgia,30.8327022,-83.2784851,"205 N Ashley St, Valdosta, GA 31601, USA"
novato,california,38.1074198,-122.5697032,"997 Grant Ave, Novato, CA 94945, USA"
commerce city,colorado,39.8083196,-104.9338675,"6112-6290 Clermont St, Commerce City, CO 80022, USA"
hempstead village,new york,40.7062128,-73.6187397,"145 Peninsula Blvd, Hempstead, NY 11550, USA"
dearborn heights,michigan,42.3369816,-83.27326269999999,"Telegraph @ Richardson, Dearborn Heights, MI 48127, USA"
berwyn,illinois,41.85058739999999,-87.7936685,"6806 W Cermak Rd, Berwyn, IL 60402, USA"
chicopee,massachusetts,42.1487043,-72.6078672,"2 Springfield St, Chicopee, MA 01013, USA"
port arthur,texas,29.8849504,-93.93994699999999,"1228 15th St, Port Arthur, TX 77640, USA"
casa grande,arizona,32.9110027,-111.7733902,"Sawgrass Ct, Casa Grande, AZ 85122, USA"
highland,california,34.1283442,-117.2086513,"27265 Pacific St, Highland, CA 92346, USA"
pocatello,idaho,42.8621042,-112.4506191,"100 N Main St, Pocatello, ID 83204, USA"
kettering,ohio,39.68950359999999,-84.1688274,"2 W Stroop Rd, Kettering, OH 45429, USA"
euless,texas,32.8370727,-97.08195409999999,"100 TX-10, Euless, TX 76040, USA"
hoboken,new jersey,40.7439905,-74.0323626,"533 Willow Ave, Hoboken, NJ 07030, USA"
anderson,indiana,40.1053196,-85.6802541,"30 W 11th St, Anderson, IN 46016, USA"
palm beach gardens,florida,26.8233946,-80.13865469999999,"1048 Diamond Head Way, Palm Beach Gardens, FL 33418, USA"
blue springs,missouri,39.0169509,-94.2816148,"1405 SW Walnut St, Blue Springs, MO 64015, USA"
paramount,california,33.8894598,-118.1597911,"15754 Paramount Blvd, Paramount, CA 90723, USA"
west haven,connecticut,41.2705484,-72.9469711,"425 Washington Ave, West Haven, CT 06516, USA"
manhattan,kansas,39.18360819999999,-96.57166939999999,"1000 Fremont St, Manhattan, KS 66502, USA"
colton,california,34.0739016,-117.3136547,"816 Colton Ave, Colton, CA 92324, USA"
carson,nevada,39.1637984,-119.7674034,"100 W 2nd St, Carson City, NV 89701, USA"
caldwell,idaho,43.66293839999999,-116.6873596,"347 S 10th Ave, Caldwell, ID 83605, USA"
cathedral city,california,33.7805388,-116.4668036,"68895 Perez Road Units 1-4, Cathedral City, CA 92234, United States"
rosemead,california,34.0805651,-118.072846,"9000 Valley Blvd, Rosemead, CA 91770, USA"
rocky mount,north carolina,35.9382103,-77.7905339,"375 E Raleigh Blvd, Rocky Mount, NC 27801, USA"
stonecrest,georgia,33.7009727,-84.1718743,"Minola Dr @ Panola Rd, Stonecrest, GA 30038, USA"
lake havasu city,arizona,34.483901,-114.3224548,"101 Mescal Loop, Lake Havasu City, AZ 86403, USA"
decatur,alabama,34.6059253,-86.9833417,"477-499 Lee St NE, Decatur, AL 35601, USA"
normal town,illinois,40.5142026,-88.9906312,"306 W Willow St, Normal, IL 61761, USA"
west new york town,new jersey,40.7878788,-74.0143064,"400 60th St, West New York, NJ 07093, USA"
harrisonburg,virginia,38.4495688,-78.8689155,"80 Court Square, Harrisonburg, VA 22802, USA"
leesburg town,virginia,39.1156615,-77.56360149999999,"Unnamed Road, Leesburg, VA 20176, USA"
parker town,colorado,39.5186002,-104.7613633,"19594 Mainstreet, Parker, CO 80138, USA"
watsonville,california,36.910231,-121.7568946,"5 E Beach St, Watsonville, CA 95076, USA"
southaven,mississippi,34.9918587,-90.0022958,"700 Stateline Rd W, Southaven, MS 38671, USA"
revere,massachusetts,42.4084302,-71.0119948,"39 Winthrop Ave, Revere, MA 02151, USA"
grapevine,texas,32.9342919,-97.0780654,"100-248 E Hudgins St, Grapevine, TX 76051, USA"
mount prospect village,illinois,42.0664167,-87.9372908,"Mont, Mt Prospect, IL 60056, United States"
elyria,ohio,41.3683798,-82.10764859999999,"501 Broad St, Elyria, OH 44035, USA"
yucaipa,california,34.033625,-117.0430865,"34909 Yucaipa Blvd, Yucaipa, CA 92399, USA"
desoto,texas,32.5896998,-96.8570738,"108 W Belt Line Rd, DeSoto, TX 75115, USA"
lenexa,kansas,38.9536174,-94.73357089999999,"9620 Rosehill Rd, Lenexa, KS 66215, USA"
brookhaven,georgia,33.8651033,-84.3365917,"Peachtree Rd NE @ Osborne Rd NE, Brookhaven, GA 30319, USA"
west sacramento,california,38.5804609,-121.530234,"1640 Lincoln Hwy, West Sacramento, CA 95691, USA"
albany,oregon,44.6365107,-123.1059282,"125 2nd Avenue, Albany, OR 97321, USA"
bellevue,nebraska,41.1543623,-95.9145568,"701 Kayleen Dr, Bellevue, NE 68005, USA"
kingsport,tennessee,36.548434,-82.5618186,"225 W Center St, Kingsport, TN 37660, USA"
wheaton,illinois,41.8661403,-88.1070127,"140 N Main St, Wheaton, IL 60187, USA"
tigard,oregon,45.4186798,-122.7872599,"SW Pacific Hwy & Gaarde/McDonald, Tigard, OR 97223, USA"
delano,california,35.7688425,-119.2470536,"998 S High St, Delano, CA 93215, USA"
minnetonka,minnesota,44.9211836,-93.4687489,"4508 Williston Rd, Minnetonka, MN 55345, USA"
burlington,north carolina,36.0956918,-79.43779909999999,"704 Chapel Hill Rd, Burlington, NC 27215, United States"
peabody,massachusetts,42.5278731,-70.9286609,"20 Central St, Peabody, MA 01960, USA"
milford city (balance),connecticut,41.2306979,-73.064036,"601 Boston Post Rd, Milford, CT 06460, USA"
palm desert,california,33.7222445,-116.3744556,"73950 Alessandro Dr, Palm Desert, CA 92260, USA"
pinellas park,florida,27.8428025,-82.6995443,"7751 49th St N, Pinellas Park, FL 33781, USA"
perth amboy,new jersey,40.5067723,-74.2654234,"272 High St, Perth Amboy, NJ 08861, USA"
pensacola,florida,30.42130899999999,-87.2169149,"Pensacola International Airport, Pensacola, FL 32501, USA"
elkhart,indiana,41.6819935,-85.9766671,"418 W Marion St, Elkhart, IN 46516, USA"
glendora,california,34.1361187,-117.865339,"100 N Glendora Ave, Glendora, CA 91741, USA"
apple valley,minnesota,44.7319094,-93.21772000000001,"7501 150th St W, Apple Valley, MN 55124, USA"
joplin,missouri,37.08422710000001,-94.51328099999999,"49 E 7th St, Joplin, MO 64801, USA"
oak park village,illinois,41.8850317,-87.7845025,"200 S Ridgeland Ave, Oak Park, IL 60302, USA"
placentia,california,33.8710729,-117.8627548,"Kraemer-Chapman, Placentia, CA 92870, USA"
edina,minnesota,44.8896866,-93.3499489,"MN-100, Edina, MN 55435, USA"
la crosse,wisconsin,43.8137751,-91.25190169999999,"307 State St, La Crosse, WI 54601, USA"
kentwood,michigan,42.8694731,-85.64474919999999,"815 52nd St SE, Kentwood, MI 49508, USA"
aliso viejo,california,33.5684605,-117.7262981,"36 Journey, Aliso Viejo, CA 92656, USA"
burien,washington,47.4668384,-122.3405305,"431 SW 152nd St, Burien, WA 98166, USA"
olympia,washington,47.0378741,-122.9006951,"1100 Capitol Way S, Olympia, WA 98501, USA"
hoffman estates village,illinois,42.0629915,-88.12271989999999,"1760 Hassell Rd, Hoffman Estates, IL 60169, USA"
apopka,florida,28.6934076,-81.5322149,"644 Lexington Pkwy, Apopka, FL 32712, USA"
florissant,missouri,38.789217,-90.322614,"420 N New Florissant Rd, Florissant, MO 63031, USA"
grand island,nebraska,40.9263957,-98.3420118,"204 W South Front St, Grand Island, NE 68801, USA"
plainfield,new jersey,40.6337136,-74.4073736,"223 Leland Ave, Plainfield, NJ 07062, USA"
battle creek,michigan,42.3211522,-85.17971419999999,"77 Capital Ave NE, Battle Creek, MI 49017, USA"
st. cloud,florida,28.2489016,-81.2811801,"1025 10th St, St Cloud, FL 34769, USA"
logan,utah,41.7369803,-111.8338359,"30 E 300 N, Logan, UT 84321, USA"
coral gables,florida,25.7491968,-80.2635411,"405 Biltmore Way, Coral Gables, FL 33134, USA"
cerritos,california,33.8583483,-118.0647871,"12506 South St, Cerritos, CA 90703, USA"
coeur d'alene,idaho,47.6734632,-116.7812225,"401 Sherman Ave, Coeur d'Alene, ID 83814, USA"
galveston,texas,29.3013479,-94.7976958,"711 27th St, Galveston, TX 77550, USA"
apex town,north carolina,35.732652,-78.85028559999999,"237 State Rd 1011, Apex, NC 27502, USA"
summerville town,south carolina,33.0185039,-80.17564809999999,"201 S Main St, Summerville, SC 29483, USA"
collierville town,tennessee,35.042036,-89.6645266,"1-51 N Rowlett St, Collierville, TN 38017, USA"
methuen town,massachusetts,42.7262016,-71.1908924,"24 Lowell St, Methuen, MA 01844, USA"
lakewood,ohio,41.4819932,-81.7981908,"1515 St Charles Ave, Lakewood, OH 44107, USA"
enid,oklahoma,36.3955891,-97.8783911,"152-198 US-64 BUS, Enid, OK 73701, USA"
poway,california,32.9628232,-117.0358646,"13608 Putney Rd, Poway, CA 92064, USA"
troy,new york,42.7284117,-73.69178509999999,"80 2nd St, Troy, NY 12180, USA"
saginaw,michigan,43.4194699,-83.9508068,"92 Holland Ct, Saginaw, MI 48601, USA"
niagara falls,new york,43.0962143,-79.0377388,"802 20th St, Niagara Falls, NY 14301, USA"
charleston,west virginia,38.3498195,-81.6326234,"900 Lee St E, Charleston, WV 25301, USA"
